,Supplier_Lead_Time,Inventory_Levels,Order_Frequency,Delivery_Performance,Cost_Per_Unit
Supplier_Lead_Time,1.0,0.4145655810039101,-0.8973570790052169,-0.9175570080088864,0.9663991094857226
Inventory_Levels,0.4145655810039101,1.0,-0.37422558299686626,-0.377442715236607,0.41345110679981734
Order_Frequency,-0.8973570790052169,-0.37422558299686626,1.0,0.889536056425925,-0.8960535965855124
Delivery_Performance,-0.9175570080088864,-0.377442715236607,0.889536056425925,1.0,-0.9269733192710953
Cost_Per_Unit,0.9663991094857226,0.41345110679981734,-0.8960535965855124,-0.9269733192710953,1.0
